RegionID,RegionName,City,Region,State,Metro,CountyName,SizeRank,2019-10
97515,94024,Los Altos,West,CA,San Jose-Sunnyvale-Santa Clara,Santa Clara County,3898,2598300
96149,90402,Santa Monica,West,CA,Los Angeles-Long Beach-Anaheim,Los Angeles County,5158,2562600
97691,94301,Palo Alto,West,CA,San Jose-Sunnyvale-Santa Clara,Santa Clara County,4105,2344200
97518,94027,Atherton,West,CA,San Francisco-Oakland-Hayward,San Mateo County,6886,2256800
72418,33109,Fisher Island,South,FL,Miami-Fort Lauderdale-West Palm Beach,Miami-Dade County,8919,2244400
96980,92662,Newport Beach,West,CA,Los Angeles-Long Beach-Anaheim,Orange County,7227,2190800
97513,94022,Los Altos,West,CA,San Jose-Sunnyvale-Santa Clara,Santa Clara County,4192,2146300
96979,92661,Newport Beach,West,CA,Los Angeles-Long Beach-Anaheim,Orange County,6781,2063500
96120,90272,Los Angeles,West,CA,Los Angeles-Long Beach-Anaheim,Los Angeles County,3343,2053100
97130,93108,Montecito,West,CA,Santa Maria-Santa Barbara,Santa Barbara County,5461,2011400
97519,94028,Portola Valley,West,CA,San Francisco-Oakland-Hayward,San Mateo County,6776,1983300
97696,94306,Palo Alto,West,CA,San Jose-Sunnyvale-Santa Clara,Santa Clara County,2475,1963900
96117,90266,Manhattan Beach,West,CA,Los Angeles-Long Beach-Anaheim,Los Angeles County,1519,1951700
96957,92625,Newport Beach,West,CA,Los Angeles-Long Beach-Anaheim,Orange County,4526,1828100
96621,92067,Rancho Santa Fe,West,CA,San Diego-Carlsbad,San Diego County,5630,1745300
96127,90291,Los Angeles,West,CA,Los Angeles-Long Beach-Anaheim,Los Angeles County,1372,1721800
97577,94123,San Francisco,West,CA,San Francisco-Oakland-Hayward,San Francisco County,1512,1686800
97936,95030,Los Gatos,West,CA,San Jose-Sunnyvale-Santa Clara,Santa Clara County,5174,1680400
97477,93921,Carmel-by-the-Sea,West,CA,Salinas,Monterey County,6495,1657800
97566,94111,San Francisco,West,CA,San Francisco-Oakland-Hayward,San Francisco County,6891,1644600
96116,90265,Malibu,West,CA,Los Angeles-Long Beach-Anaheim,Los Angeles County,3993,1627800
97568,94114,San Francisco,West,CA,San Francisco-Oakland-Hayward,San Francisco County,949,1623500
97528,94041,Mountain View,West,CA,San Jose-Sunnyvale-Santa Clara,Santa Clara County,4501,1615300
96969,92651,Laguna Beach,West,CA,Los Angeles-Long Beach-Anaheim,Orange County,2212,1571400
96296,91108,San Marino,West,CA,Los Angeles-Long Beach-Anaheim,Los Angeles County,5654,1560800
96086,90210,Beverly Hills,West,CA,Los Angeles-Long Beach-Anaheim,Los Angeles County,3497,1557900
96660,92118,Coronado,West,CA,San Diego-Carlsbad,San Diego County,3592,1530500
97501,94010,Burlingame,West,CA,San Francisco-Oakland-Hayward,San Mateo County,1001,1526100
96152,90405,Santa Monica,West,CA,Los Angeles-Long Beach-Anaheim,Los Angeles County,1459,1502800
97536,94062,Redwood City,West,CA,San Francisco-Oakland-Hayward,San Mateo County,3044,1500800
58624,2110,Boston,Northeast,MA,Boston-Cambridge-Newton,Suffolk County,7684,1497900
58630,2116,Boston,Northeast,MA,Boston-Cambridge-Newton,Suffolk County,2441,1477700
97581,94127,San Francisco,West,CA,San Francisco-Oakland-Hayward,San Francisco County,4150,1477000
97516,94025,Menlo Park,West,CA,San Francisco-Oakland-Hayward,San Mateo County,1112,1474500
96088,90212,Beverly Hills,West,CA,Los Angeles-Long Beach-Anaheim,Los Angeles County,4677,1460300
97563,94108,San Francisco,West,CA,San Francisco-Oakland-Hayward,San Francisco County,4253,1443300
97585,94131,San Francisco,West,CA,San Francisco-Oakland-Hayward,San Francisco County,1861,1439600
97610,94158,San Francisco,West,CA,San Francisco-Oakland-Hayward,San Francisco County,5392,1424100
97571,94117,San Francisco,West,CA,San Francisco-Oakland-Hayward,San Francisco County,676,1423400
97498,94002,Belmont,West,CA,San Francisco-Oakland-Hayward,San Mateo County,2632,1417700
58692,2210,Boston,Northeast,MA,Boston-Cambridge-Newton,Suffolk County,6141,1406900
97565,94110,San Francisco,West,CA,San Francisco-Oakland-Hayward,San Francisco County,46,1396800
97572,94118,San Francisco,West,CA,San Francisco-Oakland-Hayward,San Francisco County,839,1373700
97575,94121,San Francisco,West,CA,San Francisco-Oakland-Hayward,San Francisco County,711,1372200
97865,94920,Tiburon,West,CA,San Francisco-Oakland-Hayward,Marin County,4915,1369000
97576,94122,San Francisco,West,CA,San Francisco-Oakland-Hayward,San Francisco County,256,1362300
97695,94305,Stanford,West,CA,San Jose-Sunnyvale-Santa Clara,Santa Clara County,5682,1355700
97966,95070,Saratoga,West,CA,San Jose-Sunnyvale-Santa Clara,Santa Clara County,2369,1349200
97542,94070,San Carlos,West,CA,San Francisco-Oakland-Hayward,San Mateo County,2137,1346000
97562,94107,San Francisco,West,CA,San Francisco-Oakland-Hayward,San Francisco County,986,1345900
97587,94133,San Francisco,West,CA,San Francisco-Oakland-Hayward,San Francisco County,2007,1342200
58622,2108,Boston,Northeast,MA,Boston-Cambridge-Newton,Suffolk County,7183,1336000
97564,94109,San Francisco,West,CA,San Francisco-Oakland-Hayward,San Francisco County,6,1324000
97569,94115,San Francisco,West,CA,San Francisco-Oakland-Hayward,San Francisco County,572,1322600
96058,90077,Los Angeles,West,CA,Los Angeles-Long Beach-Anaheim,Los Angeles County,6022,1315600
97702,94402,San Mateo,West,CA,San Francisco-Oakland-Hayward,San Mateo County,2966,1311000
97570,94116,San Francisco,West,CA,San Francisco-Oakland-Hayward,San Francisco County,1393,1308600
58625,2111,Boston,Northeast,MA,Boston-Cambridge-Newton,Suffolk County,5470,1288500
96150,90403,Santa Monica,West,CA,Los Angeles-Long Beach-Anaheim,Los Angeles County,1575,1284300
97493,93953,Del Monte Forest,West,CA,Salinas,Monterey County,6595,1276200
93816,81611,Aspen,West,CO,Glenwood Springs,Pitkin County,5302,1269400
96109,90254,Hermosa Beach,West,CA,Los Angeles-Long Beach-Anaheim,Los Angeles County,3124,1264200
97819,94618,Oakland,West,CA,San Francisco-Oakland-Hayward,Alameda County,4199,1232700
98891,96754,Kilauea,West,HI,Kapaa,Kauai County,7362,1228900
96097,90232,Culver City,West,CA,Los Angeles-Long Beach-Anaheim,Los Angeles County,4299,1220900
97558,94103,San Francisco,West,CA,San Francisco-Oakland-Hayward,San Francisco County,943,1219900
58656,2142,Cambridge,Northeast,MA,Boston-Cambridge-Newton,Middlesex County,7151,1216500
97703,94403,San Mateo,West,CA,San Francisco-Oakland-Hayward,San Mateo County,859,1206900
96029,90048,Los Angeles,West,CA,Los Angeles-Long Beach-Anaheim,Los Angeles County,1830,1205300
96047,90066,Los Angeles,West,CA,Los Angeles-Long Beach-Anaheim,Los Angeles County,100,1204000
96586,92014,Del Mar,West,CA,San Diego-Carlsbad,San Diego County,4546,1200200
97926,95014,Cupertino,West,CA,San Jose-Sunnyvale-Santa Clara,Santa Clara County,351,1194700
97521,94030,Millbrae,West,CA,San Francisco-Oakland-Hayward,San Mateo County,3529,1190700
97839,94705,Berkeley,West,CA,San Francisco-Oakland-Hayward,Alameda County,4716,1188100
97551,94089,Sunnyvale,West,CA,San Jose-Sunnyvale-Santa Clara,Santa Clara County,3664,1184400
96045,90064,Los Angeles,West,CA,Los Angeles-Long Beach-Anaheim,Los Angeles County,2214,1173800
98853,96712,Haleiwa,West,HI,Urban Honolulu,Honolulu County,6433,1163200
97841,94707,Berkeley,West,CA,San Francisco-Oakland-Hayward,Alameda County,5203,1160300
96087,90211,Beverly Hills,West,CA,Los Angeles-Long Beach-Anaheim,Los Angeles County,5935,1154800
97557,94102,San Francisco,West,CA,San Francisco-Oakland-Hayward,San Francisco County,694,1154000
97548,94086,Sunnyvale,West,CA,San Jose-Sunnyvale-Santa Clara,Santa Clara County,435,1146700
96975,92657,Newport Beach,West,CA,Los Angeles-Long Beach-Anaheim,Orange County,5652,1145400
418163,89158,Las Vegas,West,NV,Las Vegas-Henderson-Paradise,Clark County,8673,1143500
97938,95032,Los Gatos,West,CA,San Jose-Sunnyvale-Santa Clara,Santa Clara County,2765,1140500
97535,94061,Redwood City,West,CA,San Francisco-Oakland-Hayward,San Mateo County,1787,1136000
97530,94043,Mountain View,West,CA,San Jose-Sunnyvale-Santa Clara,Santa Clara County,1842,1135800
96017,90036,Los Angeles,West,CA,Los Angeles-Long Beach-Anaheim,Los Angeles County,394,1134100
97539,94065,Redwood City,West,CA,San Francisco-Oakland-Hayward,San Mateo County,5340,1129500
97769,94563,Orinda,West,CA,San Francisco-Oakland-Hayward,Contra Costa County,4250,1122500
97131,93109,Santa Barbara,West,CA,Santa Maria-Santa Barbara,Santa Barbara County,5619,1122000
96008,90027,Los Angeles,West,CA,Los Angeles-Long Beach-Anaheim,Los Angeles County,213,1115300
97715,94507,Alamo,West,CA,San Francisco-Oakland-Hayward,Contra Costa County,4947,1108400
96016,90035,Los Angeles,West,CA,Los Angeles-Long Beach-Anaheim,Los Angeles County,1726,1104100
97881,94941,Mill Valley,West,CA,San Francisco-Oakland-Hayward,Marin County,2038,1101100
96049,90068,Los Angeles,West,CA,Los Angeles-Long Beach-Anaheim,Los Angeles County,1886,1099800
96271,91011,La Canada Flintridge,West,CA,Los Angeles-Long Beach-Anaheim,Los Angeles County,4486,1096400
97842,94708,Berkeley,West,CA,San Francisco-Oakland-Hayward,Alameda County,5489,1095600
96030,90049,Los Angeles,West,CA,Los Angeles-Long Beach-Anaheim,Los Angeles County,722,1094000
96015,90034,Los Angeles,West,CA,Los Angeles-Long Beach-Anaheim,Los Angeles County,50,1091000
96027,90046,Los Angeles,West,CA,Los Angeles-Long Beach-Anaheim,Los Angeles County,21,1085000
97527,94040,Mountain View,West,CA,San Jose-Sunnyvale-Santa Clara,Santa Clara County,1316,1084900
96981,92663,Newport Beach,West,CA,Los Angeles-Long Beach-Anaheim,Orange County,2750,1082300
96628,92075,Solana Beach,West,CA,San Diego-Carlsbad,San Diego County,4761,1076500
97549,94087,Sunnyvale,West,CA,San Jose-Sunnyvale-Santa Clara,Santa Clara County,401,1075600
97756,94549,Lafayette,West,CA,San Francisco-Oakland-Hayward,Contra Costa County,2620,1074300
97537,94063,Redwood City,West,CA,San Francisco-Oakland-Hayward,San Mateo County,2414,1070500
96126,90290,Topanga,West,CA,Los Angeles-Long Beach-Anaheim,Los Angeles County,6589,1069100
98952,96821,Honolulu,West,HI,Urban Honolulu,Honolulu County,4572,1056000
97837,94703,Berkeley,West,CA,San Francisco-Oakland-Hayward,Alameda County,3596,1054300
96128,90292,Los Angeles,West,CA,Los Angeles-Long Beach-Anaheim,Los Angeles County,1417,1049200
97567,94112,San Francisco,West,CA,San Francisco-Oakland-Hayward,San Francisco County,395,1047900
97704,94404,Foster City,West,CA,San Francisco-Oakland-Hayward,San Mateo County,1359,1030300
58793,2535,Chilmark,Northeast,MA,Vineyard Haven,Dukes County,8147,1026900
58804,2554,Nantucket,Northeast,MA,,Nantucket County,4129,1023800
97813,94611,Oakland,West,CA,San Francisco-Oakland-Hayward,Alameda County,757,1015000
97479,93923,Carmel-by-the-Sea,West,CA,Salinas,Monterey County,4937,1008400
97586,94132,San Francisco,West,CA,San Francisco-Oakland-Hayward,San Francisco County,2752,1008100
96072,90094,Los Angeles,West,CA,Los Angeles-Long Beach-Anaheim,Los Angeles County,4982,1003300
97811,94609,Oakland,West,CA,San Francisco-Oakland-Hayward,Alameda County,2929,997500
97780,94574,Saint Helena,West,CA,Napa,Napa County,5676,997400
65770,19102,Philadelphia,Northeast,PA,Philadelphia-Camden-Wilmington,Philadelphia County,5537,993100
96103,90245,El Segundo,West,CA,Los Angeles-Long Beach-Anaheim,Los Angeles County,4157,991000
95985,90004,Los Angeles,West,CA,Los Angeles-Long Beach-Anaheim,Los Angeles County,157,986700
96426,91436,Los Angeles,West,CA,Los Angeles-Long Beach-Anaheim,Los Angeles County,5044,984900
97836,94702,Berkeley,West,CA,San Francisco-Oakland-Hayward,Alameda County,3980,984000
97525,94038,Moss Beach,West,CA,San Francisco-Oakland-Hayward,San Mateo County,8176,983900
97701,94401,San Mateo,West,CA,San Francisco-Oakland-Hayward,San Mateo County,1819,979900
97993,95125,San Jose,West,CA,San Jose-Sunnyvale-Santa Clara,Santa Clara County,405,977800
58632,2118,Boston,Northeast,MA,Boston-Cambridge-Newton,Suffolk County,1888,972200
97843,94709,Berkeley,West,CA,San Francisco-Oakland-Hayward,Alameda County,5006,967600
96005,90024,Los Angeles,West,CA,Los Angeles-Long Beach-Anaheim,Los Angeles County,605,964700
97524,94037,Montara,West,CA,San Francisco-Oakland-Hayward,San Mateo County,8182,963200
97879,94939,Larkspur,West,CA,San Francisco-Oakland-Hayward,Marin County,6163,961500
96151,90404,Santa Monica,West,CA,Los Angeles-Long Beach-Anaheim,Los Angeles County,2924,959200
96026,90045,Los Angeles,West,CA,Los Angeles-Long Beach-Anaheim,Los Angeles County,979,958200
97714,94506,Danville,West,CA,San Francisco-Oakland-Hayward,Contra Costa County,3815,956900
96020,90039,Los Angeles,West,CA,Los Angeles-Long Beach-Anaheim,Los Angeles County,2335,956300
96050,90069,West Hollywood,West,CA,Los Angeles-Long Beach-Anaheim,Los Angeles County,1420,956200
97547,94085,Sunnyvale,West,CA,San Jose-Sunnyvale-Santa Clara,Santa Clara County,3578,955000
96000,90019,Los Angeles,West,CA,Los Angeles-Long Beach-Anaheim,Los Angeles County,133,953300
96225,90740,Seal Beach,West,CA,Los Angeles-Long Beach-Anaheim,Orange County,1461,945000
97869,94925,Corte Madera,West,CA,San Francisco-Oakland-Hayward,Marin County,5910,941400
96123,90277,Redondo Beach,West,CA,Los Angeles-Long Beach-Anaheim,Los Angeles County,753,935200
66155,20037,Washington,South,DC,Washington-Arlington-Alexandria,District of Columbia,4008,933500
58623,2109,Boston,Northeast,MA,Boston-Cambridge-Newton,Suffolk County,6961,933300
97506,94015,Daly City,West,CA,San Francisco-Oakland-Hayward,San Mateo County,470,932300
97693,94303,Palo Alto,West,CA,San Jose-Sunnyvale-Santa Clara,Santa Clara County,1558,929100
96978,92660,Newport Beach,West,CA,Los Angeles-Long Beach-Anaheim,Orange County,1204,925300
97951,95050,Santa Clara,West,CA,San Jose-Sunnyvale-Santa Clara,Santa Clara County,1408,924700
96293,91105,Pasadena,West,CA,Los Angeles-Long Beach-Anaheim,Los Angeles County,4742,924300
97127,93105,Santa Barbara,West,CA,Santa Maria-Santa Barbara,Santa Barbara County,2814,918700
97994,95126,San Jose,West,CA,San Jose-Sunnyvale-Santa Clara,Santa Clara County,1270,915300
96010,90029,Los Angeles,West,CA,Los Angeles-Long Beach-Anaheim,Los Angeles County,1353,913100
58629,2115,Boston,Northeast,MA,Boston-Cambridge-Newton,Suffolk County,2822,910900
96327,91208,Glendale,West,CA,Los Angeles-Long Beach-Anaheim,Los Angeles County,4810,898500
98924,96790,Kihei,West,HI,Kahului-Wailuku-Lahaina,Maui County,5952,897900
96006,90025,Los Angeles,West,CA,Los Angeles-Long Beach-Anaheim,Los Angeles County,186,896400
96121,90274,Palos Verdes Estates,West,CA,Los Angeles-Long Beach-Anaheim,Los Angeles County,2714,894300
96007,90026,Los Angeles,West,CA,Los Angeles-Long Beach-Anaheim,Los Angeles County,70,893600
66138,20015,Washington,South,DC,Washington-Arlington-Alexandria,District of Columbia,4493,892500
97840,94706,Albany,West,CA,San Francisco-Oakland-Hayward,Alameda County,3856,892400
97588,94134,San Francisco,West,CA,San Francisco-Oakland-Hayward,San Francisco County,2600,891200
97578,94124,San Francisco,West,CA,San Francisco-Oakland-Hayward,San Francisco County,2735,884500
96580,92007,Encinitas,West,CA,San Diego-Carlsbad,San Diego County,5357,884000
73038,34216,Anna Maria,South,FL,North Port-Sarasota-Bradenton,Manatee County,8560,881000
97844,94710,Berkeley,West,CA,San Francisco-Oakland-Hayward,Alameda County,6321,879900
97996,95128,San Jose,West,CA,San Jose-Sunnyvale-Santa Clara,Santa Clara County,1773,876900
97814,94612,Oakland,West,CA,San Francisco-Oakland-Hayward,Alameda County,3276,873900
98855,96714,Kilauea,West,HI,Kapaa,Kauai County,8413,872600
97500,94005,Brisbane,West,CA,San Francisco-Oakland-Hayward,San Mateo County,7162,872100
97510,94019,Half Moon Bay,West,CA,San Francisco-Oakland-Hayward,San Mateo County,4678,869700
98897,96761,Lahaina,West,HI,Kahului-Wailuku-Lahaina,Maui County,3576,861900
97988,95120,San Jose,West,CA,San Jose-Sunnyvale-Santa Clara,Santa Clara County,2160,860900
97896,94960,San Anselmo,West,CA,San Francisco-Oakland-Hayward,Marin County,4872,859100
58695,2215,Boston,Northeast,MA,Boston-Cambridge-Newton,Suffolk County,2953,855600
97531,94044,Pacifica,West,CA,San Francisco-Oakland-Hayward,San Mateo County,1479,852700
96019,90038,Los Angeles,West,CA,Los Angeles-Long Beach-Anaheim,Los Angeles County,2083,852500
97997,95129,San Jose,West,CA,San Jose-Sunnyvale-Santa Clara,Santa Clara County,1601,851300
97545,94080,South San Francisco,West,CA,San Francisco-Oakland-Hayward,San Mateo County,364,849700
98002,95134,San Jose,West,CA,San Jose-Sunnyvale-Santa Clara,Santa Clara County,1786,849000
97939,95033,Lexington Hills,West,CA,San Jose-Sunnyvale-Santa Clara,Santa Clara County,6171,848700
97955,95054,Santa Clara,West,CA,San Jose-Sunnyvale-Santa Clara,Santa Clara County,3756,848100
96326,91207,Glendale,West,CA,Los Angeles-Long Beach-Anaheim,Los Angeles County,5849,847400
97838,94704,Berkeley,West,CA,San Francisco-Oakland-Hayward,Alameda County,3435,844500
97985,95117,San Jose,West,CA,San Jose-Sunnyvale-Santa Clara,Santa Clara County,2835,843900
97711,94501,Alameda,West,CA,San Francisco-Oakland-Hayward,Alameda County,43,843700
98850,96708,Haiku,West,HI,Kahului-Wailuku-Lahaina,Maui County,5843,843700
97505,94014,Daly City,West,CA,San Francisco-Oakland-Hayward,San Mateo County,1867,842300
96280,91030,South Pasadena,West,CA,Los Angeles-Long Beach-Anaheim,Los Angeles County,2973,839700
67147,22101,McLean,South,VA,Washington-Arlington-Alexandria,Fairfax County,2584,838300
96639,92091,Rancho Santa Fe,West,CA,San Diego-Carlsbad,San Diego County,8730,837700
96009,90028,Los Angeles,West,CA,Los Angeles-Long Beach-Anaheim,Los Angeles County,570,836000
97480,93924,Carmel Valley,West,CA,Salinas,Monterey County,6174,835900
66131,20007,Washington,South,DC,Washington-Arlington-Alexandria,District of Columbia,1947,832200
97920,95008,Campbell,West,CA,San Jose-Sunnyvale-Santa Clara,Santa Clara County,495,828500
97492,93950,Pacific Grove,West,CA,Salinas,Monterey County,3789,826900
96648,92106,San Diego,West,CA,San Diego-Carlsbad,San Diego County,4069,825200
97804,94602,Oakland,West,CA,San Francisco-Oakland-Hayward,Alameda County,2291,824600
97812,94610,Oakland,West,CA,San Francisco-Oakland-Hayward,Alameda County,1104,823800
58758,2446,Brookline,Northeast,MA,Boston-Cambridge-Newton,Norfolk County,1639,822800
97540,94066,San Bruno,West,CA,San Francisco-Oakland-Hayward,San Mateo County,1079,821900
97992,95124,San Jose,West,CA,San Jose-Sunnyvale-Santa Clara,Santa Clara County,973,821600
96449,91604,Los Angeles,West,CA,Los Angeles-Long Beach-Anaheim,Los Angeles County,1542,820400
96022,90041,Los Angeles,West,CA,Los Angeles-Long Beach-Anaheim,Los Angeles County,3090,817900
95994,90013,Los Angeles,West,CA,Los Angeles-Long Beach-Anaheim,Los Angeles County,4571,817600
97960,95062,Santa Cruz,West,CA,Santa Cruz-Watsonville,Santa Cruz County,1266,815200
97858,94901,San Rafael,West,CA,San Francisco-Oakland-Hayward,Marin County,1277,812000
58628,2114,Boston,Northeast,MA,Boston-Cambridge-Newton,Suffolk County,3911,810400
65771,19103,Philadelphia,Northeast,PA,Philadelphia-Camden-Wilmington,Philadelphia County,699,808700
97124,93101,Santa Barbara,West,CA,Santa Maria-Santa Barbara,Santa Barbara County,2195,807200
95989,90008,Los Angeles,West,CA,Los Angeles-Long Beach-Anaheim,Los Angeles County,1485,800700
99572,98112,Seattle,West,WA,Seattle-Tacoma-Bellevue,King County,2871,799400
96237,90803,Long Beach,West,CA,Los Angeles-Long Beach-Anaheim,Los Angeles County,808,798600
61875,10580,Rye,Northeast,NY,New York-Newark-Jersey City,Westchester County,4682,796200
58655,2141,Cambridge,Northeast,MA,Boston-Cambridge-Newton,Middlesex County,4373,794000
97958,95060,Santa Cruz,West,CA,Santa Cruz-Watsonville,Santa Cruz County,780,793300
97260,93430,Cayucos,West,CA,San Luis Obispo-Paso Robles-Arroyo Grande,San Luis Obispo County,7236,790800
58653,2139,Cambridge,Northeast,MA,Boston-Cambridge-Newton,Middlesex County,1332,790400
97874,94930,Fairfax,West,CA,San Francisco-Oakland-Hayward,Marin County,6093,789000
96649,92107,San Diego,West,CA,San Diego-Carlsbad,San Diego County,1848,787600
97968,95073,Soquel,West,CA,Santa Cruz-Watsonville,Santa Cruz County,5518,787600
98869,96730,Kaaawa,West,HI,Urban Honolulu,Honolulu County,8955,786200
97860,94904,Kentfield,West,CA,San Francisco-Oakland-Hayward,Marin County,5206,785100
97810,94608,Oakland,West,CA,San Francisco-Oakland-Hayward,Alameda County,1330,784800
58785,2481,Wellesley,Northeast,MA,Boston-Cambridge-Newton,Norfolk County,5303,784800
96961,92629,Dana Point,West,CA,Los Angeles-Long Beach-Anaheim,Orange County,2015,784700
58652,2138,Cambridge,Northeast,MA,Boston-Cambridge-Newton,Middlesex County,1385,782800
96651,92109,San Diego,West,CA,San Diego-Carlsbad,San Diego County,158,781700
98245,95497,The Sea Ranch,West,CA,Santa Rosa,Sonoma County,9106,780500
95996,90015,Los Angeles,West,CA,Los Angeles-Long Beach-Anaheim,Los Angeles County,2795,778700
97980,95112,San Jose,West,CA,San Jose-Sunnyvale-Santa Clara,Santa Clara County,356,778400
99561,98101,Seattle,West,WA,Seattle-Tacoma-Bellevue,King County,2513,778000
58768,2459,Newton,Northeast,MA,Boston-Cambridge-Newton,Middlesex County,4505,778000
96124,90278,Redondo Beach,West,CA,Los Angeles-Long Beach-Anaheim,Los Angeles County,1026,776000
97712,94502,Alameda,West,CA,San Francisco-Oakland-Hayward,Alameda County,5287,771700
67192,22207,Arlington,South,VA,Washington-Arlington-Alexandria,Arlington County,2384,771400
96514,91775,San Gabriel,West,CA,Los Angeles-Long Beach-Anaheim,Los Angeles County,3903,770500
97963,95065,Santa Cruz,West,CA,Santa Cruz-Watsonville,Santa Cruz County,6437,770200
62314,11968,Southampton,Northeast,NY,New York-Newark-Jersey City,Suffolk County,4270,769900
96320,91201,Glendale,West,CA,Los Angeles-Long Beach-Anaheim,Los Angeles County,3888,768600
72374,33036,Islamorada,South,FL,Key West,Monroe County,6588,768400
96438,91506,Burbank,West,CA,Los Angeles-Long Beach-Anaheim,Los Angeles County,4134,767400
67190,22205,Arlington,South,VA,Washington-Arlington-Alexandria,Arlington County,4580,766400
58643,2129,Boston,Northeast,MA,Boston-Cambridge-Newton,Suffolk County,3935,764300
58775,2467,Brookline,Northeast,MA,Boston-Cambridge-Newton,Norfolk County,4467,763600
97999,95131,San Jose,West,CA,San Jose-Sunnyvale-Santa Clara,Santa Clara County,3357,762900
58756,2421,Lexington,Northeast,MA,Boston-Cambridge-Newton,Middlesex County,4609,761700
98224,95465,Occidental,West,CA,Santa Rosa,Sonoma County,8161,761500
96602,92037,San Diego,West,CA,San Diego-Carlsbad,San Diego County,691,761100
98212,95452,Kenwood,West,CA,Santa Rosa,Sonoma County,8580,761100
96956,92624,Dana Point,West,CA,Los Angeles-Long Beach-Anaheim,Orange County,6256,759900
96129,90293,Los Angeles,West,CA,Los Angeles-Long Beach-Anaheim,Los Angeles County,4547,757300
97867,94923,Bodega Bay,West,CA,Santa Rosa,Sonoma County,8524,757300
96982,92672,San Clemente,West,CA,Los Angeles-Long Beach-Anaheim,Orange County,1093,757000
72452,33149,Key Biscayne,South,FL,Miami-Fort Lauderdale-West Palm Beach,Miami-Dade County,4544,756200
96122,90275,Rancho Palos Verdes,West,CA,Los Angeles-Long Beach-Anaheim,Los Angeles County,1209,754500
97940,95035,Milpitas,West,CA,San Jose-Sunnyvale-Santa Clara,Santa Clara County,192,752600
98203,95442,Glen Ellen,West,CA,Santa Rosa,Sonoma County,7601,751900
97952,95051,Santa Clara,West,CA,San Jose-Sunnyvale-Santa Clara,Santa Clara County,220,750800
97915,95003,Aptos,West,CA,Santa Cruz-Watsonville,Santa Cruz County,2946,750400
60545,7030,Hoboken,Northeast,NJ,New York-Newark-Jersey City,Hudson County,33,750000
96278,91024,Sierra Madre,West,CA,Los Angeles-Long Beach-Anaheim,Los Angeles County,5416,749100
58654,2140,Cambridge,Northeast,MA,Boston-Cambridge-Newton,Middlesex County,3214,746900
99565,98105,Seattle,West,WA,Seattle-Tacoma-Bellevue,King County,688,746600
97734,94526,Danville,West,CA,San Francisco-Oakland-Hayward,Contra Costa County,2039,746200
58757,2445,Brookline,Northeast,MA,Boston-Cambridge-Newton,Norfolk County,3826,742700
97746,94539,Fremont,West,CA,San Francisco-Oakland-Hayward,Alameda County,987,742300
98893,96756,Koloa,West,HI,Kapaa,Kauai County,6641,739800
96966,92648,Huntington Beach,West,CA,Los Angeles-Long Beach-Anaheim,Orange County,365,739500
99624,98199,Seattle,West,WA,Seattle-Tacoma-Bellevue,King County,3337,739200
97978,95110,San Jose,West,CA,San Jose-Sunnyvale-Santa Clara,Santa Clara County,4556,737200
98231,95472,Sebastopol,West,CA,Santa Rosa,Sonoma County,2684,736200
72916,33924,Captiva,South,FL,Cape Coral-Fort Myers,Lee County,9038,736000
99580,98121,Seattle,West,WA,Seattle-Tacoma-Bellevue,King County,1501,735900
96437,91505,Burbank,West,CA,Los Angeles-Long Beach-Anaheim,Los Angeles County,1878,735100
96292,91104,Pasadena,West,CA,Los Angeles-Long Beach-Anaheim,Los Angeles County,2032,734000
67193,22209,Arlington,South,VA,Washington-Arlington-Alexandria,Arlington County,3669,733700
96265,91001,Altadena,West,CA,Los Angeles-Long Beach-Anaheim,Los Angeles County,2135,733500
97762,94556,Moraga,West,CA,San Francisco-Oakland-Hayward,Contra Costa County,4961,733500
97802,94599,Yountville,West,CA,Napa,Napa County,7532,732700
97277,93449,Pismo Beach,West,CA,San Luis Obispo-Paso Robles-Arroyo Grande,San Luis Obispo County,5444,731800
66127,20003,Washington,South,DC,Washington-Arlington-Alexandria,District of Columbia,868,731000
98928,96795,Waimanalo,West,HI,Urban Honolulu,Honolulu County,6709,730200
97255,93424,Avila Beach,West,CA,San Luis Obispo-Paso Robles-Arroyo Grande,San Luis Obispo County,8688,730000
97723,94515,Calistoga,West,CA,Napa,Napa County,6126,729000
99579,98119,Seattle,West,WA,Seattle-Tacoma-Bellevue,King County,2102,727700
58583,2030,Dover,Northeast,MA,Boston-Cambridge-Newton,Norfolk County,7217,726800
96046,90065,Los Angeles,West,CA,Los Angeles-Long Beach-Anaheim,Los Angeles County,1363,726700
98904,96768,Makawao,West,HI,Kahului-Wailuku-Lahaina,Maui County,4502,726500
61847,10538,Larchmont,Northeast,NY,New York-Newark-Jersey City,Westchester County,4578,726300
97772,94566,Pleasanton,West,CA,San Francisco-Oakland-Hayward,Alameda County,1020,725300
99723,98333,Fox Island,West,WA,Seattle-Tacoma-Bellevue,Pierce County,7506,721000
97064,92866,Orange,West,CA,Los Angeles-Long Beach-Anaheim,Orange County,4955,718500
58770,2461,Newton,Northeast,MA,Boston-Cambridge-Newton,Middlesex County,6603,716800
96295,91107,Pasadena,West,CA,Los Angeles-Long Beach-Anaheim,Los Angeles County,1887,716700
99518,98033,Kirkland,West,WA,Seattle-Tacoma-Bellevue,King County,934,716600
98945,96814,Honolulu,West,HI,Urban Honolulu,Honolulu County,1912,714500
97511,94020,La Honda,West,CA,San Francisco-Oakland-Hayward,San Mateo County,8784,714100
99535,98053,Redmond,West,WA,Seattle-Tacoma-Bellevue,King County,3985,712800
97904,94973,Woodacre,West,CA,San Francisco-Oakland-Hayward,Marin County,8890,712800
96330,91214,Glendale,West,CA,Los Angeles-Long Beach-Anaheim,Los Angeles County,2940,712400
96610,92054,Oceanside,West,CA,San Diego-Carlsbad,San Diego County,1099,710300
96959,92627,Costa Mesa,West,CA,Los Angeles-Long Beach-Anaheim,Orange County,182,710000
58787,2492,Needham,Northeast,MA,Boston-Cambridge-Newton,Norfolk County,4266,709800
58658,2144,Somerville,Northeast,MA,Boston-Cambridge-Newton,Middlesex County,2995,709500
97950,95046,San Martin,West,CA,San Jose-Sunnyvale-Santa Clara,Santa Clara County,6894,709500
97890,94952,Petaluma,West,CA,Santa Rosa,Sonoma County,1995,706600
98007,95139,San Jose,West,CA,San Jose-Sunnyvale-Santa Clara,Santa Clara County,7154,705800
99554,98077,Woodinville,West,WA,Seattle-Tacoma-Bellevue,King County,5614,700200
96387,91364,Los Angeles,West,CA,Los Angeles-Long Beach-Anaheim,Los Angeles County,3048,700100
66129,20005,Washington,South,DC,Washington-Arlington-Alexandria,District of Columbia,3715,698900
95999,90018,Los Angeles,West,CA,Los Angeles-Long Beach-Anaheim,Los Angeles County,923,698800
93798,81435,Mountain Village,West,CO,,San Miguel County,5976,698200
96207,90704,Avalon,West,CA,Los Angeles-Long Beach-Anaheim,Los Angeles County,7837,698200
96593,92024,Encinitas,West,CA,San Diego-Carlsbad,San Diego County,527,697700
99567,98107,Seattle,West,WA,Seattle-Tacoma-Bellevue,King County,1419,696500
93818,81615,Snowmass Village,West,CO,Glenwood Springs,Pitkin County,8052,696200
97759,94552,Castro Valley,West,CA,San Francisco-Oakland-Hayward,Alameda County,5391,695700
96452,91607,Los Angeles,West,CA,Los Angeles-Long Beach-Anaheim,Los Angeles County,1736,694500
93279,80202,Denver,West,CO,Denver-Aurora-Lakewood,Denver County,1999,694200
96643,92101,San Diego,West,CA,San Diego-Carlsbad,San Diego County,132,693600
99569,98109,Seattle,West,WA,Seattle-Tacoma-Bellevue,King County,409,692700
96267,91006,Arcadia,West,CA,Los Angeles-Long Beach-Anaheim,Los Angeles County,2877,692700
98004,95136,San Jose,West,CA,San Jose-Sunnyvale-Santa Clara,Santa Clara County,1215,692200
97987,95119,San Jose,West,CA,San Jose-Sunnyvale-Santa Clara,Santa Clara County,6448,692200
97761,94555,Fremont,West,CA,San Francisco-Oakland-Hayward,Alameda County,2589,692000
99577,98117,Seattle,West,WA,Seattle-Tacoma-Bellevue,King County,1591,691900
97820,94619,Oakland,West,CA,San Francisco-Oakland-Hayward,Alameda County,3244,691800
96023,90042,Los Angeles,West,CA,Los Angeles-Long Beach-Anaheim,Los Angeles County,461,691200
96940,92603,Irvine,West,CA,Los Angeles-Long Beach-Anaheim,Orange County,4189,691200
96410,91401,Los Angeles,West,CA,Los Angeles-Long Beach-Anaheim,Los Angeles County,1489,690900
95997,90016,Los Angeles,West,CA,Los Angeles-Long Beach-Anaheim,Los Angeles County,908,690100
96581,92008,Carlsbad,West,CA,San Diego-Carlsbad,San Diego County,2510,690000
98006,95138,San Jose,West,CA,San Jose-Sunnyvale-Santa Clara,Santa Clara County,4931,689300
97473,93908,Salinas,West,CA,Salinas,Monterey County,5483,689300
96275,91020,La Crescenta-Montrose,West,CA,Los Angeles-Long Beach-Anaheim,Los Angeles County,6328,686100
96517,91780,Temple City,West,CA,Los Angeles-Long Beach-Anaheim,Los Angeles County,2278,685800
96983,92673,San Clemente,West,CA,Los Angeles-Long Beach-Anaheim,Orange County,3009,685800
99563,98103,Seattle,West,WA,Seattle-Tacoma-Bellevue,King County,115,682500
97132,93110,Santa Barbara,West,CA,Santa Maria-Santa Barbara,Santa Barbara County,4692,682200
58788,2493,Weston,Northeast,MA,Boston-Cambridge-Newton,Middlesex County,5909,681200
58797,2539,Edgartown,Northeast,MA,Vineyard Haven,Dukes County,6096,680400
58641,2127,Boston,Northeast,MA,Boston-Cambridge-Newton,Suffolk County,1068,679500
93354,80302,Boulder,West,CO,Boulder,Boulder County,2377,679400
98003,95135,San Jose,West,CA,San Jose-Sunnyvale-Santa Clara,Santa Clara County,4320,679200
96324,91205,Glendale,West,CA,Los Angeles-Long Beach-Anaheim,Los Angeles County,1530,678700
96947,92612,Irvine,West,CA,Los Angeles-Long Beach-Anaheim,Orange County,1637,678200
58627,2113,Boston,Northeast,MA,Boston-Cambridge-Newton,Suffolk County,5598,677700
66133,20009,Washington,South,DC,Washington-Arlington-Alexandria,District of Columbia,22,676200
98878,96741,Kalaheo,West,HI,Kapaa,Kauai County,7076,676200
66128,20004,Washington,South,DC,Washington-Arlington-Alexandria,District of Columbia,7802,675000
96424,91423,Los Angeles,West,CA,Los Angeles-Long Beach-Anaheim,Los Angeles County,1383,674800
58657,2143,Somerville,Northeast,MA,Boston-Cambridge-Newton,Middlesex County,2703,673600
60461,6820,Darien,Northeast,CT,Bridgeport-Stamford-Norwalk,Fairfield County,4316,673600
65774,19106,Philadelphia,Northeast,PA,Philadelphia-Camden-Wilmington,Philadelphia County,3882,672400
98863,96722,Princeville,West,HI,Kapaa,Kauai County,7638,672000
99570,98110,Bainbridge Island,West,WA,Bremerton-Silverdale,Kitsap County,2933,671100
60471,6840,New Canaan,Northeast,CT,Bridgeport-Stamford-Norwalk,Fairfield County,4251,670300
96095,90230,Culver City,West,CA,Los Angeles-Long Beach-Anaheim,Los Angeles County,2103,669400
72938,33957,Sanibel,South,FL,Cape Coral-Fort Myers,Lee County,4862,669100
58786,2482,Wellesley,Northeast,MA,Boston-Cambridge-Newton,Norfolk County,5835,668800
98011,95148,San Jose,West,CA,San Jose-Sunnyvale-Santa Clara,Santa Clara County,2594,668100
96291,91103,Pasadena,West,CA,Los Angeles-Long Beach-Anaheim,Los Angeles County,3762,668100
96447,91602,Los Angeles,West,CA,Los Angeles-Long Beach-Anaheim,Los Angeles County,3203,666600
66125,20001,Washington,South,DC,Washington-Arlington-Alexandria,District of Columbia,147,666200
82274,55424,Edina,Midwest,MN,Minneapolis-St. Paul-Bloomington,Hennepin County,6104,665100
93246,80116,Franktown,West,CO,Denver-Aurora-Lakewood,Douglas County,7479,664400
96037,90056,Ladera Heights,West,CA,Los Angeles-Long Beach-Anaheim,Los Angeles County,5795,663700
98944,96813,Honolulu,West,HI,Urban Honolulu,Honolulu County,2061,663400
99492,98004,Bellevue,West,WA,Seattle-Tacoma-Bellevue,King County,720,663200
96446,91601,Los Angeles,West,CA,Los Angeles-Long Beach-Anaheim,Los Angeles County,823,661200
98202,95441,Geyserville,West,CA,Santa Rosa,Sonoma County,8405,661200
99581,98122,Seattle,West,WA,Seattle-Tacoma-Bellevue,King County,239,659800
99564,98104,Seattle,West,WA,Seattle-Tacoma-Bellevue,King County,3383,659800
70446,29401,Charleston,South,SC,Charleston-North Charleston,Charleston County,5599,658900
66139,20016,Washington,South,DC,Washington-Arlington-Alexandria,District of Columbia,1508,657200
97488,93940,Monterey,West,CA,Salinas,Monterey County,1510,657100
67186,22201,Arlington,South,VA,Washington-Arlington-Alexandria,Arlington County,427,656600
98208,95448,Healdsburg,West,CA,Santa Rosa,Sonoma County,3859,656200
99575,98115,Seattle,West,WA,Seattle-Tacoma-Bellevue,King County,215,654500
95995,90014,Los Angeles,West,CA,Los Angeles-Long Beach-Anaheim,Los Angeles County,5345,652600
96163,90505,Torrance,West,CA,Los Angeles-Long Beach-Anaheim,Los Angeles County,1565,652300
95998,90017,Los Angeles,West,CA,Los Angeles-Long Beach-Anaheim,Los Angeles County,2080,651700
97995,95127,San Jose,West,CA,San Jose-Sunnyvale-Santa Clara,Santa Clara County,1260,651400
99123,97209,Portland,West,OR,Portland-Vancouver-Hillsboro,Multnomah County,1550,651100
98873,96734,Kailua,West,HI,Urban Honolulu,Honolulu County,1027,649400
98956,96825,Honolulu,West,HI,Urban Honolulu,Honolulu County,2427,648300
96273,91016,Monrovia,West,CA,Los Angeles-Long Beach-Anaheim,Los Angeles County,1261,646900
96321,91202,Glendale,West,CA,Los Angeles-Long Beach-Anaheim,Los Angeles County,3627,645900
97809,94607,Oakland,West,CA,San Francisco-Oakland-Hayward,Alameda County,2526,645200
99562,98102,Seattle,West,WA,Seattle-Tacoma-Bellevue,King County,1046,644600
96268,91007,Arcadia,West,CA,Los Angeles-Long Beach-Anaheim,Los Angeles County,2554,644100
58773,2465,Newton,Northeast,MA,Boston-Cambridge-Newton,Middlesex County,5648,642900
66146,20024,Washington,South,DC,Washington-Arlington-Alexandria,District of Columbia,3460,640300
98858,96717,Hauula,West,HI,Urban Honolulu,Honolulu County,7526,639000
93286,80209,Denver,West,CO,Denver-Aurora-Lakewood,Denver County,1585,638600
99576,98116,Seattle,West,WA,Seattle-Tacoma-Bellevue,King County,1793,638600
93248,80118,Larkspur,West,CO,Denver-Aurora-Lakewood,Douglas County,6900,638500
58774,2466,Newton,Northeast,MA,Boston-Cambridge-Newton,Middlesex County,6452,638300